,Mean Av_Risk of vol rise,Mean Av_Risk of vol fall,T-statistic,P-value
0,0.20292051725554172,0.2803557653975707,-36.30567086751325,1.1424099119947654e-272
