,Mean Av_Risk of opex rise,Mean Av_Risk of opex fall,T-statistic,P-value
0,0.18041086093323885,0.2530556138263875,-54.7375513382294,0.0
