,Mean Av_Risk of sale rise,Mean Av_Risk of sale fall,T-statistic,P-value
0,0.18057678943050914,0.2312095059965131,-45.38885452166898,0.0
