,Mean Av_Risk of PD rise,Mean Av_Risk of PD fall,T-statistic,P-value
0,0.2604731082695824,0.15102570082039593,104.25843325805494,0.0
