Jarque-Bera Statistic,p-value,Skewness,Kurtosis,DW Stat
277019.7866282103,0.0,2.295003359858132,9.267368725682166,1.3325457492427675
