Head,Value
Model Specification,2sM-k:0.1-pauc:0.1
AUC,0.9609084578620657
PAUC,0.6504567829465914
