Jarque-Bera Statistic,p-value,Skewness,Kurtosis
277019.7866282086,0.0,2.2950033598581068,9.267368725682156
