feature,VIF
const,8.65754032477626
negative,1.0113746383298878
average_risk,1.0124196993076935
net_bad_minus_good_news,1.0000371402527608
PD_lag,1.0011629145406198
