feature,VIF
const,8.556313615573316
negative,1.011164997743738
average_risk,1.0111589352069188
net_bad_minus_good_news,1.0000079075788493
